<annotation>
	<folder>train</folder>
	<filename>000.jpg</filename>
	<path>/home/saguilar/coral/create_tfrecords/Tensorflow-Object-Detection-API-With-Custom-Dataset/images/train/000.jpg</path>
	<source>
		<database>Unknown</database>
	</source>
	<size>
		<width>1024</width>
		<height>1024</height>
		<depth>1</depth>
	</size>
	<segmented>0</segmented>
	<object>
		<name>good</name>
		<pose>Unspecified</pose>
		<truncated>0</truncated>
		<difficult>0</difficult>
		<bndbox>
			<xmin>126</xmin>
			<ymin>156</ymin>
			<xmax>909</xmax>
			<ymax>879</ymax>
		</bndbox>
	</object>
</annotation>
